row_id,year,mileage,engine_size,horsepower,fuel_type,transmission,brand,condition,accident_count,num_owners
inf_00000,2019,192654,3.0,208,electric,automatic,Nissan,good,0,4
inf_00001,2014,70817,2.5,102,electric,automatic,Toyota,excellent,0,3
inf_00002,2007,122896,1.8,336,gasoline,automatic,Honda,good,0,2
inf_00003,2007,123266,4.0,123,gasoline,cvt,Kia,good,0,5
inf_00004,2022,160186,3.0,444,gasoline,manual,BMW,excellent,1,1
inf_00005,2021,71691,1.8,254,gasoline,automatic,Hyundai,excellent,1,3
inf_00006,2018,82356,1.8,107,gasoline,automatic,Mercedes,good,1,1
inf_00007,2000,83932,3.0,206,gasoline,manual,BMW,excellent,0,5
inf_00008,2005,12212,3.5,201,gasoline,cvt,Nissan,good,1,1
inf_00009,2006,146663,2.5,166,hybrid,manual,BMW,good,0,1
inf_00010,2017,153845,2.0,434,gasoline,automatic,Audi,good,0,2
inf_00011,2011,164214,1.4,107,hybrid,automatic,Chevrolet,excellent,0,1
inf_00012,2023,143019,3.5,227,diesel,manual,Mercedes,fair,2,1
inf_00013,2003,118710,2.0,259,gasoline,manual,BMW,excellent,4,2
inf_00014,2016,113068,3.0,96,gasoline,automatic,Hyundai,excellent,1,3
inf_00015,2013,128918,2.0,271,gasoline,manual,Audi,excellent,0,3
inf_00016,2000,2109,1.8,212,diesel,automatic,BMW,fair,2,2
inf_00017,2014,89855,2.0,267,gasoline,automatic,Chevrolet,fair,0,1
inf_00018,2003,8423,3.5,264,diesel,manual,Ford,fair,0,1
inf_00019,2013,97931,1.4,483,gasoline,manual,Audi,good,0,3
inf_00020,2006,30172,1.8,276,gasoline,manual,Audi,fair,0,4
inf_00021,2009,2362,1.8,497,electric,automatic,Mercedes,fair,0,1
inf_00022,2010,146228,3.5,129,gasoline,automatic,Nissan,fair,3,3
inf_00023,2020,141056,2.5,208,hybrid,automatic,Mercedes,fair,0,4
inf_00024,2015,77646,1.4,465,gasoline,cvt,Audi,fair,1,3
inf_00025,2017,13562,2.0,481,electric,automatic,Hyundai,good,1,1
inf_00026,2022,194998,3.0,92,electric,automatic,Honda,poor,0,2
inf_00027,2001,30590,2.5,485,gasoline,automatic,Toyota,good,1,1
inf_00028,2003,97920,5.0,214,gasoline,manual,Kia,excellent,0,2
inf_00029,2004,54779,3.5,302,hybrid,automatic,Honda,excellent,0,4
inf_00030,2023,26905,5.0,239,gasoline,automatic,Nissan,good,0,2
inf_00031,2019,102801,5.0,273,gasoline,automatic,Audi,fair,3,2
inf_00032,2017,39582,3.0,378,diesel,automatic,Mercedes,excellent,3,3
inf_00033,2008,72477,2.5,318,gasoline,automatic,BMW,excellent,0,1
inf_00034,2015,121497,5.0,244,gasoline,automatic,Honda,excellent,0,1
inf_00035,2013,77674,1.4,384,gasoline,automatic,Kia,excellent,1,2
inf_00036,2005,104130,1.4,147,gasoline,automatic,Honda,excellent,0,2
inf_00037,2016,46786,3.0,333,gasoline,cvt,Audi,good,0,5
inf_00038,2019,139353,4.0,382,diesel,automatic,Nissan,good,1,2
inf_00039,2017,127092,1.8,494,gasoline,manual,Ford,excellent,5,1
inf_00040,2006,138746,4.0,456,hybrid,automatic,Nissan,excellent,0,3
inf_00041,2015,68282,1.4,407,electric,automatic,BMW,good,0,5
inf_00042,2010,188126,4.0,284,gasoline,automatic,Nissan,excellent,0,2
inf_00043,2016,124995,1.4,271,hybrid,cvt,Nissan,fair,1,1
inf_00044,2011,25881,1.4,339,electric,manual,Mercedes,excellent,0,2
inf_00045,2013,195026,1.8,315,gasoline,automatic,BMW,excellent,1,2
inf_00046,2023,113995,3.5,493,hybrid,manual,Ford,fair,0,2
inf_00047,2019,139834,3.0,443,gasoline,automatic,Audi,good,4,4
inf_00048,2011,74760,3.0,133,hybrid,manual,BMW,poor,0,2
inf_00049,2014,88735,1.4,365,electric,automatic,Chevrolet,excellent,3,1
inf_00050,2014,146629,1.4,319,electric,automatic,Kia,excellent,1,2
inf_00051,2005,173136,1.8,380,diesel,automatic,Ford,excellent,3,2
inf_00052,2007,192114,1.6,96,gasoline,automatic,Audi,poor,0,1
inf_00053,2019,198002,1.4,287,gasoline,automatic,Nissan,good,0,1
inf_00054,2001,119252,1.6,466,gasoline,cvt,Chevrolet,good,0,2
inf_00055,2002,17946,5.0,491,hybrid,automatic,BMW,good,0,1
inf_00056,2012,115898,3.5,424,gasoline,manual,Ford,fair,3,1
inf_00057,2005,41282,2.5,494,electric,automatic,Mercedes,good,2,3
inf_00058,2005,129844,5.0,254,diesel,manual,Kia,good,1,4
inf_00059,2017,67467,2.0,298,diesel,manual,Hyundai,good,0,1
inf_00060,2001,104667,5.0,92,diesel,automatic,Hyundai,good,0,3
inf_00061,2009,132357,1.6,298,electric,automatic,Hyundai,good,1,1
inf_00062,2019,181709,1.6,102,diesel,automatic,Mercedes,fair,1,1
inf_00063,2004,158650,5.0,339,gasoline,cvt,Kia,excellent,0,2
inf_00064,2006,4716,3.0,407,hybrid,automatic,Kia,good,2,2
inf_00065,2011,31024,3.0,353,electric,automatic,Nissan,excellent,1,1
inf_00066,2005,173815,2.0,454,diesel,automatic,BMW,excellent,1,4
inf_00067,2019,148773,3.0,498,hybrid,automatic,BMW,poor,1,2
inf_00068,2020,30003,5.0,370,diesel,manual,Chevrolet,good,2,4
inf_00069,2009,117989,1.6,178,gasoline,automatic,Hyundai,poor,1,1
inf_00070,2023,117724,1.6,154,diesel,automatic,Nissan,fair,3,2
inf_00071,2014,155097,1.4,283,diesel,cvt,BMW,poor,3,1
inf_00072,2011,162776,4.0,351,gasoline,cvt,Honda,poor,2,3
inf_00073,2001,134960,3.5,347,diesel,manual,Hyundai,fair,0,1
inf_00074,2005,142788,2.5,396,gasoline,automatic,Hyundai,fair,1,3
inf_00075,2011,133505,3.0,394,hybrid,manual,Mercedes,fair,1,1
inf_00076,2015,30622,1.6,151,gasoline,automatic,Kia,poor,0,4
inf_00077,2012,137071,4.0,144,gasoline,automatic,Nissan,poor,1,2
inf_00078,2016,94489,3.0,405,diesel,automatic,Chevrolet,poor,3,1
inf_00079,2005,195571,2.5,150,diesel,automatic,Hyundai,good,1,3
inf_00080,2009,141914,5.0,122,gasoline,manual,Nissan,fair,0,2
inf_00081,2001,75139,1.4,400,gasoline,manual,Kia,good,0,1
inf_00082,2013,182055,1.4,118,diesel,automatic,Chevrolet,good,0,1
inf_00083,2023,46461,1.4,221,gasoline,automatic,Honda,fair,1,1
inf_00084,2000,93751,3.0,369,hybrid,automatic,Honda,fair,1,3
inf_00085,2001,13194,5.0,491,gasoline,manual,BMW,fair,1,2
inf_00086,2006,125928,4.0,315,gasoline,manual,Hyundai,fair,0,2
inf_00087,2009,111930,3.0,400,diesel,automatic,BMW,good,0,1
inf_00088,2023,101140,5.0,361,gasoline,automatic,Kia,good,0,3
inf_00089,2015,41729,1.4,115,gasoline,cvt,Chevrolet,excellent,3,1
inf_00090,2018,99133,3.0,241,diesel,manual,Ford,good,0,1
inf_00091,2015,92105,2.0,232,gasoline,manual,Toyota,poor,1,2
inf_00092,2011,4858,4.0,103,electric,automatic,Nissan,fair,0,3
inf_00093,2014,32894,1.6,187,electric,automatic,Toyota,good,1,1
inf_00094,2003,180427,3.5,86,gasoline,automatic,Kia,good,5,1
inf_00095,2007,157895,1.6,439,gasoline,cvt,Ford,excellent,1,1
inf_00096,2009,24419,2.0,232,gasoline,automatic,Mercedes,excellent,0,3
inf_00097,2005,194558,5.0,430,diesel,automatic,Chevrolet,good,1,3
inf_00098,2020,93329,4.0,476,hybrid,cvt,Chevrolet,excellent,0,2
inf_00099,2001,150126,5.0,172,gasoline,automatic,Nissan,good,3,1
inf_00100,2015,108587,1.6,366,hybrid,manual,BMW,good,0,3
inf_00101,2011,152982,2.5,487,gasoline,automatic,Chevrolet,excellent,1,3
inf_00102,2020,132656,2.0,241,diesel,automatic,Ford,fair,0,4
inf_00103,2022,13490,4.0,204,diesel,manual,Chevrolet,fair,2,3
inf_00104,2022,182754,1.6,341,electric,automatic,Audi,fair,4,2
inf_00105,2017,153803,1.8,434,hybrid,automatic,Toyota,fair,0,2
inf_00106,2012,44709,2.0,92,diesel,automatic,Nissan,excellent,0,2
inf_00107,2007,45659,3.5,329,gasoline,automatic,BMW,good,2,2
inf_00108,2008,137489,1.6,449,hybrid,manual,Audi,poor,0,2
inf_00109,2008,140336,4.0,247,diesel,automatic,Kia,fair,1,1
inf_00110,2008,17869,3.0,220,diesel,automatic,Nissan,good,0,3
inf_00111,2006,181055,3.5,185,gasoline,automatic,Kia,good,1,1
inf_00112,2019,149513,2.0,388,gasoline,manual,Mercedes,excellent,0,1
inf_00113,2004,196815,1.4,316,gasoline,automatic,Hyundai,excellent,1,1
inf_00114,2013,86829,1.6,263,electric,manual,BMW,good,0,4
inf_00115,2017,17701,3.0,379,gasoline,automatic,Mercedes,good,1,5
inf_00116,2020,181182,1.4,299,hybrid,manual,Hyundai,fair,1,1
inf_00117,2012,162667,3.5,256,gasoline,automatic,Ford,poor,0,1
inf_00118,2013,544,4.0,116,diesel,manual,Toyota,good,0,1
inf_00119,2014,106240,4.0,97,gasoline,automatic,Ford,good,0,4
inf_00120,2022,1991,1.6,337,diesel,automatic,Mercedes,excellent,0,1
inf_00121,2005,70625,2.0,432,diesel,automatic,Honda,excellent,0,2
inf_00122,2014,173955,5.0,314,gasoline,manual,Nissan,excellent,0,1
inf_00123,2005,134925,3.0,276,gasoline,automatic,Honda,good,1,4
inf_00124,2011,170198,3.5,463,diesel,automatic,Mercedes,fair,1,3
inf_00125,2016,111658,2.5,91,gasoline,cvt,Chevrolet,excellent,1,4
inf_00126,2001,154945,5.0,95,electric,manual,Toyota,fair,0,2
inf_00127,2022,97494,2.0,301,gasoline,automatic,Audi,fair,1,1
inf_00128,2003,100806,3.5,353,electric,manual,Honda,good,0,2
inf_00129,2023,119799,4.0,106,gasoline,automatic,BMW,good,0,1
inf_00130,2017,28550,3.0,446,electric,manual,Nissan,excellent,4,1
inf_00131,2007,128867,1.4,327,gasoline,automatic,Chevrolet,fair,1,4
inf_00132,2013,171210,3.0,298,hybrid,cvt,Honda,fair,0,3
inf_00133,2008,32324,3.5,90,hybrid,cvt,Toyota,good,0,2
inf_00134,2016,75680,2.0,145,gasoline,automatic,Kia,excellent,3,1
inf_00135,2015,184100,1.4,104,hybrid,automatic,Toyota,good,0,2
inf_00136,2015,62624,3.5,368,diesel,automatic,Honda,good,0,3
inf_00137,2011,175102,1.8,370,gasoline,manual,Honda,fair,2,1
inf_00138,2021,128423,3.0,295,diesel,automatic,Hyundai,fair,1,4
inf_00139,2019,168766,3.0,399,diesel,automatic,Ford,poor,1,1
inf_00140,2021,28978,1.8,328,gasoline,automatic,Chevrolet,good,1,2
inf_00141,2023,157511,1.6,400,gasoline,automatic,Audi,excellent,1,2
inf_00142,2007,6424,2.5,194,gasoline,manual,Toyota,fair,3,1
inf_00143,2023,79218,1.8,232,diesel,manual,Hyundai,excellent,2,2
inf_00144,2010,56322,1.8,260,hybrid,automatic,Ford,good,0,4
inf_00145,2002,128410,4.0,268,gasoline,automatic,Mercedes,excellent,1,1
inf_00146,2019,153047,2.0,241,gasoline,automatic,Ford,good,1,4
inf_00147,2011,69345,2.5,222,gasoline,automatic,BMW,excellent,2,1
inf_00148,2012,167500,4.0,417,gasoline,automatic,Audi,good,3,2
inf_00149,2004,110566,1.4,441,gasoline,automatic,BMW,good,0,1
inf_00150,2005,150718,3.5,235,gasoline,automatic,BMW,good,0,4
inf_00151,2017,145165,2.5,388,gasoline,manual,Nissan,good,0,1
inf_00152,2011,28113,1.6,101,diesel,automatic,Mercedes,excellent,1,1
inf_00153,2015,146426,1.6,87,diesel,manual,Audi,fair,3,3
inf_00154,2000,165348,4.0,231,electric,manual,Nissan,good,1,3
inf_00155,2011,7487,2.0,347,gasoline,automatic,Kia,good,1,1
inf_00156,2023,32896,1.6,231,gasoline,automatic,Mercedes,excellent,2,4
inf_00157,2014,104322,4.0,208,gasoline,manual,Nissan,poor,5,3
inf_00158,2018,12238,3.0,439,electric,automatic,Kia,good,4,1
inf_00159,2013,73536,5.0,235,gasoline,automatic,Nissan,excellent,1,2
inf_00160,2004,167958,2.5,215,hybrid,automatic,Audi,excellent,5,2
inf_00161,2015,20658,1.4,338,gasoline,cvt,Chevrolet,excellent,1,2
inf_00162,2010,28418,1.8,160,electric,manual,Chevrolet,fair,1,3
inf_00163,2011,24288,2.5,195,gasoline,automatic,Kia,good,0,2
inf_00164,2005,109203,2.5,194,gasoline,manual,Ford,excellent,0,1
inf_00165,2009,61167,3.5,445,gasoline,automatic,Audi,good,1,2
inf_00166,2015,163359,2.5,410,hybrid,automatic,BMW,excellent,1,1
inf_00167,2022,116646,5.0,184,diesel,automatic,Toyota,poor,0,2
inf_00168,2020,134166,4.0,113,gasoline,manual,Audi,good,2,1
inf_00169,2004,61858,2.5,227,gasoline,automatic,Honda,good,3,1
inf_00170,2021,98612,3.0,226,hybrid,automatic,Chevrolet,good,2,1
inf_00171,2011,74449,3.5,191,hybrid,cvt,Honda,excellent,1,3
inf_00172,2000,99704,3.5,455,electric,automatic,Ford,good,0,2
inf_00173,2004,137809,5.0,197,gasoline,automatic,Toyota,poor,2,5
inf_00174,2011,90441,1.8,305,diesel,manual,Nissan,good,1,4
inf_00175,2015,13802,2.5,138,electric,cvt,Mercedes,poor,0,1
inf_00176,2005,74487,3.5,280,gasoline,cvt,Mercedes,excellent,1,3
inf_00177,2004,177760,3.0,418,diesel,manual,Audi,good,2,1
inf_00178,2019,164728,2.0,245,diesel,cvt,Nissan,excellent,1,1
inf_00179,2018,166667,2.0,488,gasoline,cvt,Mercedes,fair,0,2
inf_00180,2007,36629,2.5,235,hybrid,manual,Honda,fair,0,1
inf_00181,2007,16334,1.8,378,hybrid,automatic,Honda,fair,0,2
inf_00182,2006,162748,2.5,437,gasoline,automatic,Nissan,good,1,2
inf_00183,2011,133357,1.6,188,gasoline,manual,Hyundai,good,0,1
inf_00184,2018,101900,4.0,93,diesel,automatic,Mercedes,good,0,2
inf_00185,2018,137589,1.4,105,gasoline,cvt,Mercedes,good,0,2
inf_00186,2014,186213,1.6,232,diesel,automatic,Hyundai,fair,0,2
inf_00187,2018,26257,4.0,302,gasoline,cvt,Kia,good,0,4
inf_00188,2016,34316,2.5,264,hybrid,cvt,Nissan,good,2,2
inf_00189,2022,118178,1.6,204,diesel,automatic,Chevrolet,fair,1,1
inf_00190,2000,141507,3.5,233,diesel,cvt,Toyota,poor,2,1
inf_00191,2022,128896,1.6,477,gasoline,automatic,Ford,poor,0,2
inf_00192,2002,51162,1.8,273,gasoline,automatic,Honda,good,0,2
inf_00193,2020,124627,1.8,149,hybrid,manual,Kia,good,1,2
inf_00194,2022,112266,4.0,143,gasoline,manual,Toyota,poor,0,2
inf_00195,2000,5318,1.6,489,gasoline,automatic,Hyundai,excellent,4,1
inf_00196,2022,124660,3.5,241,diesel,automatic,Ford,excellent,3,4
inf_00197,2013,90500,5.0,390,gasoline,automatic,Honda,good,1,2
inf_00198,2021,170735,2.5,483,gasoline,automatic,BMW,good,0,1
inf_00199,2012,131239,1.4,184,gasoline,cvt,Kia,good,0,1
inf_00200,2003,109575,2.5,311,gasoline,automatic,Mercedes,excellent,3,2
inf_00201,2000,179153,1.8,261,gasoline,automatic,Nissan,excellent,0,3
inf_00202,2009,132939,3.5,499,hybrid,automatic,Nissan,fair,0,1
inf_00203,2006,50485,1.4,267,gasoline,cvt,Ford,good,0,2
inf_00204,2019,93782,3.5,210,hybrid,manual,Honda,poor,0,5
inf_00205,2005,134652,4.0,325,hybrid,automatic,BMW,good,1,2
inf_00206,2017,164229,1.8,370,hybrid,manual,Hyundai,excellent,1,3
inf_00207,2012,57029,5.0,179,hybrid,automatic,Ford,poor,3,1
inf_00208,2001,145437,4.0,490,gasoline,manual,Hyundai,good,0,2
inf_00209,2010,136719,5.0,343,electric,automatic,BMW,good,0,1
inf_00210,2006,29856,1.4,451,gasoline,automatic,Toyota,poor,0,1
inf_00211,2016,31005,4.0,172,hybrid,automatic,BMW,fair,0,2
inf_00212,2014,100589,5.0,419,gasoline,manual,Audi,good,5,1
inf_00213,2022,82524,1.8,392,gasoline,automatic,Audi,excellent,1,2
inf_00214,2010,27149,3.0,153,hybrid,automatic,Honda,excellent,0,2
inf_00215,2001,17988,2.0,454,gasoline,manual,Hyundai,excellent,0,2
inf_00216,2010,179577,2.0,368,electric,automatic,Mercedes,fair,1,1
inf_00217,2013,38714,3.0,146,hybrid,automatic,BMW,fair,1,2
inf_00218,2008,73830,2.5,297,hybrid,manual,Ford,excellent,1,5
inf_00219,2012,93498,4.0,162,diesel,automatic,Toyota,excellent,4,1
inf_00220,2022,17064,3.5,310,diesel,automatic,BMW,good,1,1
inf_00221,2008,28068,4.0,313,hybrid,automatic,Hyundai,poor,0,3
inf_00222,2023,105323,1.8,182,diesel,automatic,Kia,good,0,2
inf_00223,2014,140027,2.5,465,electric,automatic,Mercedes,fair,3,1
inf_00224,2001,168974,2.5,293,gasoline,automatic,Nissan,fair,5,2
inf_00225,2021,172570,1.6,233,gasoline,automatic,Chevrolet,fair,1,3
inf_00226,2009,109233,2.5,486,hybrid,manual,Mercedes,poor,1,2
inf_00227,2003,57716,3.0,240,gasoline,automatic,Chevrolet,poor,0,3
inf_00228,2005,116123,3.5,107,gasoline,automatic,Hyundai,good,2,1
inf_00229,2012,124787,2.5,466,gasoline,manual,Honda,good,0,1
inf_00230,2003,57738,5.0,260,hybrid,automatic,Kia,fair,0,2
inf_00231,2001,133611,2.5,140,diesel,automatic,Kia,fair,0,1
inf_00232,2012,35249,1.6,249,electric,automatic,BMW,fair,2,3
inf_00233,2009,59515,4.0,274,gasoline,manual,Toyota,excellent,0,1
inf_00234,2006,186049,3.5,401,gasoline,cvt,Chevrolet,good,4,1
inf_00235,2004,102251,4.0,458,gasoline,automatic,Kia,excellent,0,1
inf_00236,2003,30529,4.0,335,diesel,automatic,Kia,excellent,4,2
inf_00237,2006,133850,2.5,172,diesel,automatic,Chevrolet,good,0,1
inf_00238,2020,46328,1.6,381,gasoline,manual,Mercedes,fair,1,1
inf_00239,2009,7453,2.5,366,gasoline,automatic,Honda,good,0,1
inf_00240,2010,174445,1.8,393,gasoline,automatic,Kia,good,1,1
inf_00241,2011,87167,5.0,350,hybrid,automatic,Audi,fair,0,1
inf_00242,2023,155586,2.5,473,gasoline,automatic,Honda,poor,1,3
inf_00243,2017,170971,3.5,186,hybrid,automatic,Audi,fair,0,1
inf_00244,2019,114914,2.0,421,gasoline,automatic,Honda,excellent,0,2
inf_00245,2003,19831,3.0,323,electric,automatic,Ford,good,1,2
inf_00246,2022,64384,2.0,177,electric,automatic,BMW,fair,0,2
inf_00247,2000,50958,3.0,377,diesel,automatic,Kia,fair,0,4
inf_00248,2002,121032,2.0,183,electric,automatic,Audi,good,0,2
inf_00249,2007,82467,1.6,264,diesel,cvt,BMW,good,1,3
inf_00250,2003,82745,5.0,93,diesel,manual,Hyundai,good,0,1
inf_00251,2011,131087,4.0,163,gasoline,automatic,BMW,good,0,3
inf_00252,2016,6853,2.0,178,diesel,manual,Ford,excellent,0,3
inf_00253,2004,26890,3.0,144,gasoline,automatic,Honda,good,1,1
inf_00254,2016,177761,3.0,95,gasoline,manual,Ford,good,2,4
inf_00255,2017,167313,1.8,287,electric,automatic,Hyundai,excellent,2,2
inf_00256,2001,188249,2.5,249,gasoline,automatic,Nissan,excellent,1,2
inf_00257,2021,42340,2.0,450,gasoline,automatic,Audi,excellent,0,3
inf_00258,2021,68537,3.5,232,diesel,automatic,Mercedes,good,0,1
inf_00259,2015,22810,2.5,127,hybrid,manual,Nissan,fair,1,1
inf_00260,2011,128257,3.0,484,gasoline,automatic,Kia,good,1,3
inf_00261,2008,156402,1.6,186,diesel,automatic,Mercedes,fair,0,3
inf_00262,2002,123761,2.5,132,gasoline,automatic,Ford,good,1,3
inf_00263,2012,119501,5.0,414,hybrid,manual,Kia,excellent,4,3
inf_00264,2001,160592,4.0,209,diesel,automatic,Nissan,fair,0,2
inf_00265,2012,18115,1.8,340,gasoline,manual,Mercedes,fair,4,1
inf_00266,2015,148559,2.0,312,diesel,automatic,Kia,excellent,1,1
inf_00267,2002,178564,2.0,474,diesel,manual,Mercedes,fair,2,4
inf_00268,2003,129371,3.5,299,electric,automatic,Audi,good,5,1
inf_00269,2005,136955,3.5,315,gasoline,automatic,Chevrolet,good,3,1
inf_00270,2015,128811,4.0,188,diesel,automatic,BMW,good,0,3
inf_00271,2023,164849,1.4,209,gasoline,automatic,Honda,excellent,0,3
inf_00272,2002,79658,1.8,176,diesel,automatic,BMW,good,1,2
inf_00273,2009,171697,5.0,484,hybrid,cvt,Nissan,excellent,1,1
inf_00274,2004,54385,2.0,491,gasoline,automatic,Toyota,excellent,0,2
inf_00275,2023,23478,3.0,119,gasoline,cvt,Ford,excellent,4,3
inf_00276,2004,12790,2.5,155,gasoline,automatic,Chevrolet,excellent,2,4
inf_00277,2023,20122,1.8,248,gasoline,cvt,Hyundai,excellent,0,2
inf_00278,2017,91524,5.0,326,gasoline,automatic,Kia,fair,5,2
inf_00279,2022,119245,1.6,302,hybrid,automatic,Audi,fair,5,1
inf_00280,2011,127307,2.5,104,gasoline,cvt,Ford,fair,0,1
inf_00281,2001,113127,1.4,262,gasoline,automatic,Honda,fair,2,3
inf_00282,2006,41781,1.6,163,diesel,automatic,Audi,good,0,2
inf_00283,2008,173208,2.5,462,electric,automatic,Ford,good,0,2
inf_00284,2009,42579,5.0,391,diesel,manual,Ford,fair,2,3
inf_00285,2004,165233,5.0,251,gasoline,automatic,Chevrolet,good,1,2
inf_00286,2014,142974,1.6,486,diesel,automatic,BMW,fair,0,2
inf_00287,2002,71373,3.5,149,gasoline,automatic,Mercedes,good,2,5
inf_00288,2017,84697,5.0,202,diesel,automatic,Toyota,good,0,1
inf_00289,2005,162837,4.0,223,diesel,automatic,Honda,fair,0,1
inf_00290,2005,197051,3.0,274,gasoline,manual,Audi,good,1,2
inf_00291,2004,49019,3.5,218,hybrid,automatic,Toyota,good,0,1
inf_00292,2012,137895,2.5,466,gasoline,automatic,Chevrolet,excellent,2,1
inf_00293,2023,15326,2.5,230,gasoline,automatic,Kia,good,0,2
inf_00294,2021,16627,3.5,317,gasoline,manual,Hyundai,good,1,1
inf_00295,2002,90471,1.6,182,electric,automatic,Audi,good,0,1
inf_00296,2004,4165,1.8,151,gasoline,automatic,Audi,good,0,2
inf_00297,2002,182135,4.0,160,electric,automatic,Ford,good,0,3
inf_00298,2001,77571,1.4,238,gasoline,automatic,Honda,good,0,3
inf_00299,2014,76553,1.6,311,gasoline,automatic,BMW,good,1,2
inf_00300,2011,65500,2.5,484,gasoline,automatic,Toyota,fair,0,3
inf_00301,2000,60123,5.0,489,hybrid,manual,Kia,fair,0,1
inf_00302,2009,19110,1.4,131,hybrid,automatic,Audi,good,0,3
inf_00303,2023,121684,1.6,139,diesel,manual,BMW,good,0,1
inf_00304,2001,51048,3.0,431,gasoline,manual,Honda,fair,1,3
inf_00305,2007,69734,1.8,414,diesel,automatic,Kia,good,1,1
inf_00306,2004,67557,5.0,426,gasoline,automatic,Ford,fair,1,3
inf_00307,2017,68255,1.8,142,gasoline,automatic,Audi,excellent,4,4
inf_00308,2001,175942,2.0,268,gasoline,automatic,Toyota,good,0,3
inf_00309,2020,94458,5.0,165,gasoline,cvt,BMW,good,2,1
inf_00310,2017,102240,3.5,373,diesel,manual,Nissan,excellent,0,5
inf_00311,2012,156915,2.5,170,electric,cvt,BMW,fair,1,2
inf_00312,2008,61922,4.0,343,hybrid,automatic,Hyundai,good,2,1
inf_00313,2022,152224,3.0,441,electric,automatic,Mercedes,good,2,2
inf_00314,2005,36508,3.0,206,gasoline,automatic,Mercedes,good,0,1
inf_00315,2022,141816,2.0,207,gasoline,automatic,Audi,good,0,1
inf_00316,2022,29196,2.5,362,gasoline,manual,Ford,good,0,1
inf_00317,2015,137938,3.0,369,gasoline,automatic,Honda,fair,0,1
inf_00318,2023,94034,2.0,236,gasoline,automatic,Mercedes,poor,1,1
inf_00319,2014,13518,1.4,266,gasoline,automatic,Honda,good,2,4
inf_00320,2023,120392,3.0,370,electric,automatic,Kia,good,0,2
inf_00321,2019,138437,1.8,440,gasoline,manual,Hyundai,good,0,1
inf_00322,2014,40822,1.8,167,hybrid,automatic,Honda,fair,1,1
inf_00323,2008,187089,3.5,398,gasoline,automatic,Mercedes,good,1,5
inf_00324,2005,45873,4.0,401,electric,cvt,Mercedes,excellent,0,3
inf_00325,2015,62612,3.5,247,gasoline,manual,BMW,good,1,2
inf_00326,2010,147328,1.4,446,gasoline,cvt,Hyundai,fair,4,1
inf_00327,2020,40470,4.0,223,gasoline,manual,Honda,excellent,1,2
inf_00328,2012,184297,1.6,448,gasoline,manual,Chevrolet,excellent,0,2
inf_00329,2002,128372,3.5,400,gasoline,manual,Nissan,poor,1,4
inf_00330,2012,149894,1.8,205,gasoline,cvt,Toyota,fair,0,2
inf_00331,2015,24235,3.0,114,hybrid,automatic,Toyota,good,1,2
inf_00332,2003,164428,2.0,276,hybrid,automatic,Toyota,excellent,2,2
inf_00333,2002,113983,3.0,282,diesel,automatic,Chevrolet,poor,0,4
inf_00334,2015,154023,3.0,296,electric,automatic,Hyundai,fair,0,1
inf_00335,2006,14787,1.8,195,diesel,automatic,BMW,good,1,3
inf_00336,2022,121889,1.4,279,gasoline,automatic,Audi,fair,0,2
inf_00337,2008,138076,1.8,478,gasoline,manual,Audi,good,2,3
inf_00338,2022,99200,2.0,310,electric,automatic,Kia,good,0,2
inf_00339,2018,167142,2.5,146,diesel,cvt,Honda,poor,3,2
inf_00340,2012,187953,1.8,107,diesel,cvt,Nissan,good,4,1
inf_00341,2022,44975,1.6,171,gasoline,automatic,Chevrolet,good,0,2
inf_00342,2000,12603,3.5,412,gasoline,manual,Chevrolet,fair,0,2
inf_00343,2005,154725,4.0,85,hybrid,automatic,Ford,excellent,5,2
inf_00344,2007,96397,4.0,339,gasoline,automatic,Chevrolet,good,0,1
inf_00345,2005,12081,2.5,451,hybrid,manual,Ford,good,0,3
inf_00346,2015,18281,2.5,180,diesel,automatic,Chevrolet,excellent,0,3
inf_00347,2020,45936,4.0,177,gasoline,cvt,Mercedes,excellent,0,2
inf_00348,2022,1407,4.0,212,electric,cvt,Honda,excellent,0,3
inf_00349,2005,94278,3.5,301,gasoline,cvt,Mercedes,good,0,1
inf_00350,2006,74375,1.8,248,electric,manual,Toyota,excellent,5,2
inf_00351,2006,9621,2.0,447,hybrid,automatic,Kia,good,2,2
inf_00352,2008,48580,4.0,154,electric,automatic,BMW,fair,0,2
inf_00353,2014,148137,1.6,366,gasoline,automatic,Nissan,good,0,2
inf_00354,2018,161577,1.8,474,gasoline,manual,Honda,fair,0,3
inf_00355,2008,1306,3.0,143,diesel,automatic,Hyundai,good,0,1
inf_00356,2012,21725,1.6,269,gasoline,cvt,Hyundai,fair,3,1
inf_00357,2020,199653,1.8,371,gasoline,automatic,Chevrolet,fair,5,1
inf_00358,2009,129926,5.0,461,gasoline,automatic,BMW,excellent,3,1
inf_00359,2003,137132,1.8,91,diesel,automatic,Audi,fair,0,5
inf_00360,2007,76183,3.5,167,gasoline,manual,Ford,poor,0,1
inf_00361,2000,101125,3.0,162,gasoline,automatic,Kia,fair,0,2
inf_00362,2014,101805,1.6,306,gasoline,automatic,Ford,poor,0,5
inf_00363,2019,69902,1.6,208,diesel,manual,Chevrolet,excellent,0,2
inf_00364,2006,138103,1.6,85,hybrid,automatic,Honda,excellent,0,1
inf_00365,2005,114737,1.6,393,gasoline,automatic,Kia,poor,0,3
inf_00366,2017,188767,4.0,99,gasoline,automatic,Kia,excellent,0,2
inf_00367,2015,1860,4.0,200,diesel,automatic,Mercedes,good,0,5
inf_00368,2001,177086,2.0,441,gasoline,automatic,Toyota,excellent,1,3
inf_00369,2018,189840,1.8,91,diesel,automatic,Mercedes,good,0,5
inf_00370,2018,29870,4.0,89,hybrid,automatic,BMW,good,0,4
inf_00371,2019,44781,5.0,383,gasoline,automatic,Kia,excellent,1,1
inf_00372,2004,10583,1.8,438,electric,manual,Nissan,good,0,3
inf_00373,2004,47398,3.0,462,gasoline,automatic,Mercedes,excellent,1,2
inf_00374,2019,128038,2.0,87,gasoline,cvt,Kia,good,3,1
inf_00375,2023,43754,1.8,497,diesel,automatic,Ford,fair,3,2
inf_00376,2022,170495,5.0,82,diesel,automatic,Toyota,good,0,1
inf_00377,2022,182955,5.0,128,gasoline,automatic,BMW,good,1,3
inf_00378,2014,6027,5.0,482,hybrid,automatic,Ford,good,0,1
inf_00379,2008,101632,2.5,193,diesel,manual,Chevrolet,excellent,0,3
inf_00380,2006,3621,3.5,317,gasoline,automatic,Audi,good,0,2
inf_00381,2004,124041,2.5,246,diesel,manual,Honda,good,0,3
inf_00382,2002,69818,1.6,146,gasoline,cvt,Hyundai,excellent,2,1
inf_00383,2023,169253,1.6,405,diesel,automatic,Ford,good,3,2
inf_00384,2020,183537,3.0,318,diesel,automatic,Toyota,good,0,3
inf_00385,2017,99945,4.0,113,gasoline,automatic,Audi,good,0,1
inf_00386,2015,190553,4.0,481,diesel,manual,Mercedes,excellent,0,3
inf_00387,2012,173416,4.0,229,gasoline,manual,BMW,excellent,1,1
inf_00388,2017,19778,1.4,131,gasoline,manual,Ford,fair,0,3
inf_00389,2016,71546,1.6,346,diesel,automatic,Audi,poor,0,2
inf_00390,2016,68419,2.5,273,gasoline,cvt,Toyota,fair,0,2
inf_00391,2011,61078,3.0,267,gasoline,automatic,Toyota,good,1,1
inf_00392,2009,159583,5.0,359,electric,manual,Honda,poor,0,3
inf_00393,2019,60534,1.4,86,hybrid,automatic,Mercedes,good,5,1
inf_00394,2014,76152,1.6,150,gasoline,automatic,BMW,excellent,0,1
inf_00395,2020,17611,3.0,131,electric,automatic,Chevrolet,good,0,1
inf_00396,2014,104228,5.0,423,diesel,manual,Toyota,excellent,0,4
inf_00397,2010,23859,3.0,111,gasoline,automatic,Audi,good,1,2
inf_00398,2009,173891,1.6,131,gasoline,automatic,Kia,excellent,2,2
inf_00399,2013,159774,1.8,292,gasoline,automatic,Toyota,good,0,1
inf_00400,2012,60803,2.0,111,gasoline,manual,Toyota,poor,1,2
inf_00401,2022,1411,4.0,360,gasoline,automatic,Honda,poor,0,1
inf_00402,2015,14764,5.0,315,gasoline,automatic,Honda,good,2,4
inf_00403,2015,43983,1.8,386,diesel,automatic,Honda,excellent,1,1
inf_00404,2008,99882,3.0,176,electric,automatic,Chevrolet,good,0,4
inf_00405,2012,146383,2.0,240,gasoline,cvt,Ford,fair,1,2
inf_00406,2013,20237,3.5,325,gasoline,cvt,Audi,excellent,1,2
inf_00407,2014,141811,3.5,198,hybrid,automatic,Mercedes,excellent,1,3
inf_00408,2016,109560,1.6,117,diesel,automatic,Hyundai,fair,0,2
inf_00409,2021,124119,5.0,320,gasoline,automatic,Ford,good,2,1
inf_00410,2000,185592,3.5,243,gasoline,cvt,BMW,fair,0,2
inf_00411,2015,190610,3.0,415,hybrid,manual,Hyundai,good,0,2
inf_00412,2018,147602,5.0,104,diesel,manual,Audi,excellent,0,1
inf_00413,2018,138686,1.6,149,gasoline,automatic,Mercedes,fair,3,2
inf_00414,2001,152667,3.5,490,gasoline,automatic,BMW,excellent,1,1
inf_00415,2003,134770,2.0,154,hybrid,cvt,Hyundai,excellent,0,4
inf_00416,2004,2547,5.0,108,diesel,automatic,Honda,good,4,2
inf_00417,2005,199338,2.5,429,gasoline,automatic,Honda,good,0,1
inf_00418,2007,127568,1.4,258,diesel,automatic,Toyota,good,0,3
inf_00419,2007,97990,5.0,307,diesel,automatic,Toyota,good,0,1
inf_00420,2023,90825,2.0,106,diesel,automatic,Audi,fair,1,2
inf_00421,2020,47226,1.6,406,diesel,cvt,Nissan,good,0,4
inf_00422,2013,95657,3.5,81,gasoline,automatic,Audi,fair,0,3
inf_00423,2006,146826,2.0,88,gasoline,manual,Ford,good,0,1
inf_00424,2002,51224,2.5,194,gasoline,automatic,Hyundai,good,0,2
inf_00425,2011,169124,2.5,167,gasoline,automatic,Audi,good,0,3
inf_00426,2018,42538,1.4,491,hybrid,automatic,Mercedes,good,0,1
inf_00427,2012,171744,3.0,190,gasoline,automatic,Toyota,good,0,1
inf_00428,2020,117006,4.0,482,gasoline,cvt,Kia,good,2,1
inf_00429,2000,167612,4.0,350,gasoline,manual,Honda,fair,1,5
inf_00430,2006,83681,4.0,337,gasoline,cvt,Hyundai,good,0,3
inf_00431,2005,64595,1.6,384,gasoline,cvt,Mercedes,excellent,0,3
inf_00432,2008,139678,5.0,477,electric,automatic,Chevrolet,fair,3,1
inf_00433,2020,72913,5.0,225,gasoline,automatic,Mercedes,good,0,2
inf_00434,2000,190580,2.0,153,diesel,manual,Chevrolet,good,1,2
inf_00435,2007,148233,5.0,341,diesel,cvt,Mercedes,good,1,3
inf_00436,2021,86180,1.8,100,diesel,manual,BMW,excellent,2,2
inf_00437,2016,35106,2.0,358,hybrid,cvt,Chevrolet,fair,0,2
inf_00438,2020,111530,1.6,480,hybrid,automatic,Mercedes,fair,0,2
inf_00439,2017,119341,3.5,118,gasoline,manual,Honda,excellent,4,1
inf_00440,2000,193757,4.0,398,electric,automatic,Hyundai,fair,1,1
inf_00441,2011,148878,3.0,129,gasoline,automatic,Chevrolet,excellent,0,2
inf_00442,2021,51104,2.5,177,hybrid,automatic,Nissan,good,0,2
inf_00443,2013,52749,2.5,278,gasoline,cvt,Toyota,good,0,1
inf_00444,2018,116232,1.8,85,diesel,automatic,Toyota,fair,0,2
inf_00445,2000,24307,2.5,400,hybrid,cvt,Chevrolet,excellent,2,2
inf_00446,2021,139251,1.4,225,gasoline,automatic,Chevrolet,excellent,0,1
inf_00447,2005,16296,1.8,370,gasoline,automatic,BMW,good,0,1
inf_00448,2019,114883,1.8,442,gasoline,automatic,Audi,fair,0,4
inf_00449,2021,196484,1.4,126,hybrid,automatic,Chevrolet,good,2,1
inf_00450,2000,174653,3.0,146,gasoline,manual,Ford,poor,0,1
inf_00451,2020,168945,3.5,144,diesel,automatic,Chevrolet,good,0,1
inf_00452,2020,150111,5.0,210,gasoline,automatic,Honda,good,1,2
inf_00453,2021,185805,3.0,289,hybrid,automatic,Kia,good,0,2
inf_00454,2020,186021,2.5,94,gasoline,automatic,Chevrolet,excellent,0,4
inf_00455,2016,32850,1.8,458,gasoline,manual,Nissan,excellent,3,2
inf_00456,2002,46095,2.5,477,gasoline,automatic,Nissan,good,0,3
inf_00457,2022,184900,4.0,116,hybrid,automatic,Ford,poor,0,1
inf_00458,2004,55297,3.0,352,hybrid,manual,Chevrolet,excellent,4,1
inf_00459,2015,76256,3.5,194,electric,automatic,Chevrolet,fair,2,4
inf_00460,2015,8795,1.6,351,gasoline,automatic,BMW,good,0,2
inf_00461,2022,179901,1.8,364,electric,automatic,Nissan,excellent,0,1
inf_00462,2005,14897,4.0,482,gasoline,automatic,Chevrolet,excellent,3,4
inf_00463,2017,106173,1.6,295,hybrid,automatic,Kia,good,0,4
inf_00464,2017,44308,3.0,99,hybrid,automatic,Honda,excellent,0,2
inf_00465,2018,5984,2.0,427,gasoline,automatic,Kia,fair,0,1
inf_00466,2016,58332,4.0,228,hybrid,automatic,Ford,good,0,1
inf_00467,2010,132978,1.4,230,diesel,automatic,Ford,excellent,0,2
inf_00468,2009,18289,1.8,451,gasoline,automatic,Honda,fair,0,3
inf_00469,2017,170338,2.0,462,gasoline,automatic,Nissan,excellent,0,3
inf_00470,2017,138511,3.5,407,gasoline,manual,BMW,poor,4,4
inf_00471,2018,12153,2.5,190,electric,automatic,Hyundai,excellent,1,3
inf_00472,2022,81067,1.6,474,diesel,automatic,Nissan,fair,3,3
inf_00473,2012,161841,5.0,390,gasoline,automatic,Toyota,good,0,3
inf_00474,2009,186425,1.4,268,gasoline,automatic,Kia,fair,0,3
inf_00475,2010,125971,1.6,116,electric,automatic,Ford,excellent,0,1
inf_00476,2000,136383,1.4,473,gasoline,automatic,Toyota,excellent,0,1
inf_00477,2012,175402,1.6,352,gasoline,automatic,Honda,excellent,3,1
inf_00478,2003,91169,1.4,411,gasoline,automatic,Honda,excellent,0,1
inf_00479,2016,141607,4.0,385,diesel,automatic,BMW,excellent,1,1
inf_00480,2004,115751,3.5,450,gasoline,manual,Hyundai,fair,3,4
inf_00481,2005,139155,1.4,352,diesel,cvt,Mercedes,fair,1,5
inf_00482,2007,176530,4.0,437,diesel,cvt,Nissan,good,1,1
inf_00483,2016,158081,2.5,378,electric,manual,Mercedes,good,1,2
inf_00484,2011,25924,5.0,489,diesel,automatic,Ford,fair,0,5
inf_00485,2017,186432,1.8,231,gasoline,manual,Chevrolet,fair,0,1
inf_00486,2008,10473,2.0,369,gasoline,automatic,Toyota,good,2,3
inf_00487,2005,151457,2.0,303,gasoline,automatic,Hyundai,fair,0,1
inf_00488,2021,57429,1.4,320,diesel,automatic,Toyota,good,0,2
inf_00489,2020,156082,1.8,167,gasoline,automatic,Ford,poor,0,4
inf_00490,2021,3438,2.0,320,gasoline,automatic,Ford,good,0,1
inf_00491,2018,44510,2.0,335,gasoline,automatic,Chevrolet,fair,0,2
inf_00492,2012,16449,1.8,301,diesel,automatic,Honda,fair,0,2
inf_00493,2002,150621,4.0,393,hybrid,automatic,Toyota,excellent,4,4
inf_00494,2023,39211,3.0,203,gasoline,automatic,BMW,good,3,2
inf_00495,2016,185565,2.0,421,gasoline,automatic,Audi,good,1,4
inf_00496,2003,82492,1.6,461,hybrid,manual,Ford,excellent,1,1
inf_00497,2012,144009,4.0,335,diesel,automatic,Honda,good,0,2
inf_00498,2017,165072,1.8,335,gasoline,automatic,Hyundai,good,0,1
inf_00499,2022,190653,1.6,172,gasoline,automatic,Mercedes,excellent,1,5
